{
  "num_rows": 8000,
  "features": {
    "hascrcard": {
      "type": "continuous",
      "group": "default",
      "statistics": {
        "cnt": 8000.0,
        "min": 0.0,
        "max": 1.0,
        "mean": 0.704625,
        "std": 0.45621114560584775,
        "skew": -0.8973991921657773,
        "kurt": -1.1948239833953123,
        "ste": 0.00510059566833865,
        "cv": 64.74523975247085,
        "var": 0.208128609375,
        "sum": 5637.0,
        "uss": 5637.0,
        "css": 1665.028875
      }
    },
    "isactivemember": {
      "type": "continuous",
      "group": "default",
      "statistics": {
        "cnt": 8000.0,
        "min": 0.0,
        "max": 1.0,
        "mean": 0.516375,
        "std": 0.49973178743702107,
        "skew": -0.06555973755645843,
        "kurt": -1.995951367755116,
        "ste": 0.005587171236133273,
        "cv": 96.77691356805056,
        "var": 0.249731859375,
        "sum": 4131.0,
        "uss": 4131.0,
        "css": 1997.854875
      }
    },
    "gender": {
      "type": "continuous",
      "group": "default",
      "statistics": {
        "cnt": 8000.0,
        "min": 0.0,
        "max": 1.0,
        "mean": 0.454,
        "std": 0.49787950349457044,
        "skew": 0.18485298032799954,
        "kurt": -1.9660750876053166,
        "ste": 0.005566462072088519,
        "cv": 109.66508887545605,
        "var": 0.247884,
        "sum": 3632.0,
        "uss": 3632.0,
        "css": 1983.072
      }
    },
    "france": {
      "type": "continuous",
      "group": "default",
      "statistics": {
        "cnt": 8000.0,
        "min": 0.0,
        "max": 1.0,
        "mean": 0.503875,
        "std": 0.49998498414952425,
        "skew": -0.015506279875726817,
        "kurt": -2.000009509559177,
        "ste": 0.005590002061437455,
        "cv": 99.22797998502094,
        "var": 0.249984984375,
        "sum": 4031.0,
        "uss": 4031.0,
        "css": 1999.879875
      }
    },
    "germany": {
      "type": "continuous",
      "group": "default",
      "statistics": {
        "cnt": 8000.0,
        "min": 0.0,
        "max": 1.0,
        "mean": 0.24925,
        "std": 0.4325788222971624,
        "skew": 1.159761161450528,
        "kurt": -0.655035859931129,
        "ste": 0.004836378261416284,
        "cv": 173.55218547529083,
        "var": 0.1871244375,
        "sum": 1994.0,
        "uss": 1994.0,
        "css": 1496.9955
      }
    },
    "spain": {
      "type": "continuous",
      "group": "default",
      "statistics": {
        "cnt": 8000.0,
        "min": 0.0,
        "max": 1.0,
        "mean": 0.246875,
        "std": 0.4311933839647821,
        "skew": 1.1745075828373397,
        "kurt": -0.620609445557751,
        "ste": 0.004820888589967103,
        "cv": 174.66061122624086,
        "var": 0.185927734375,
        "sum": 1975.0,
        "uss": 1975.0,
        "css": 1487.421875
      }
    },
    "oneproduct": {
      "type": "continuous",
      "group": "default",
      "statistics": {
        "cnt": 8000.0,
        "min": 0.0,
        "max": 1.0,
        "mean": 0.51075,
        "std": 0.4998844241422211,
        "skew": -0.043026075255494116,
        "kurt": -1.9983985097227026,
        "ste": 0.005588877766376717,
        "cv": 97.87262342481078,
        "var": 0.2498844375,
        "sum": 4086.0,
        "uss": 4086.0,
        "css": 1999.0755
      }
    },
    "twoproduct": {
      "type": "continuous",
      "group": "default",
      "statistics": {
        "cnt": 8000.0,
        "min": 0.0,
        "max": 1.0,
        "mean": 0.457,
        "std": 0.49814756849752867,
        "skew": 0.17270436482958965,
        "kurt": -1.970419457424419,
        "ste": 0.005569459129933534,
        "cv": 109.00384431018132,
        "var": 0.248151,
        "sum": 3656.0,
        "uss": 3656.0,
        "css": 1985.208
      }
    },
    "threeproduct": {
      "type": "continuous",
      "group": "default",
      "statistics": {
        "cnt": 8000.0,
        "min": 0.0,
        "max": 1.0,
        "mean": 0.026125,
        "std": 0.15950700415655733,
        "skew": 5.943974153055729,
        "kurt": 33.334996206088874,
        "ste": 0.0017833425209070185,
        "cv": 610.5531259581143,
        "var": 0.025442484375,
        "sum": 209.0,
        "uss": 209.0,
        "css": 203.539875
      }
    },
    "fourproduct": {
      "type": "continuous",
      "group": "default",
      "statistics": {
        "cnt": 8000.0,
        "min": 0.0,
        "max": 1.0,
        "mean": 0.006125,
        "std": 0.07802233254011315,
        "skew": 12.66458566598333,
        "kurt": 158.41153408770253,
        "ste": 0.0008723161966139343,
        "cv": 1273.8340006549086,
        "var": 0.006087484375,
        "sum": 49.0,
        "uss": 49.0,
        "css": 48.699875
      }
    },
    "age": {
      "type": "continuous",
      "group": "default",
      "statistics": {
        "cnt": 8000.0,
        "min": -1.9949687539344934,
        "max": 5.0611969579618314,
        "mean": -0.0015661827272686346,
        "std": 1.0022538813058504,
        "skew": 1.0099252129251843,
        "kurt": 1.3691005304166877,
        "ste": 0.011205539046564435,
        "cv": -63993.41940475518,
        "var": 1.0045128425926413,
        "sum": -12.529461818149077,
        "uss": 8036.1223641678125,
        "css": 8036.102740741131,
        "histogram": {
          "edges": [
            -1.99496875393449,
            -1.28935218274486,
            -0.583735611555228,
            0.121880959634404,
            0.827497530824037,
            1.53311410201367,
            2.2387306732033,
            2.94434724439293,
            3.64996381558257,
            4.3555803867722,
            5.06119695796183
          ],
          "values": [
            489.0,
            1771.0,
            2870.0,
            1506.0,
            718.0,
            360.0,
            166.0,
            102.0,
            15.0,
            3.0
          ],
          "right_outliers": 2,
          "left_outliers": 15
        }
      }
    },
    "balance": {
      "type": "continuous",
      "group": "default",
      "statistics": {
        "cnt": 8000.0,
        "min": -1.2258476714090296,
        "max": 2.7953233217054745,
        "mean": 0.0006436149254119281,
        "std": 1.000643071381886,
        "skew": -0.1393060670173906,
        "kurt": -1.483415319590791,
        "ste": 0.011187529644120358,
        "cv": 155472.32232712003,
        "var": 1.001286556304574,
        "sum": 5.148919403295425,
        "uss": 8010.295764357971,
        "css": 8010.292450436594,
        "histogram": {
          "edges": [
            -1.22584767140903,
            -0.823730572097579,
            -0.421613472786129,
            -0.0194963734746785,
            0.382620725836772,
            0.784737825148222,
            1.18685492445967,
            1.58897202377112,
            1.99108912308257,
            2.39320622239402,
            2.79532332170547
          ],
          "values": [
            2898.0,
            57.0,
            281.0,
            935.0,
            1683.0,
            1398.0,
            573.0,
            146.0,
            27.0,
            2.0
          ],
          "right_outliers": 1
        }
      }
    },
    "creditscore": {
      "type": "continuous",
      "group": "default",
      "statistics": {
        "cnt": 8000.0,
        "min": -3.109504088293776,
        "max": 2.0638837672025616,
        "mean": 0.00458957103600309,
        "std": 0.9961123078650306,
        "skew": -0.05618893846298,
        "kurt": -0.43692483690647466,
        "ste": 0.011136874168052034,
        "cv": 21703.82155654601,
        "var": 0.9922397298801976,
        "sum": 36.71656828802472,
        "uss": 7938.086352339937,
        "css": 7937.917839041581,